"UID","Name","bookingId","Particulars","Date","Amount"
6,pritha poddar,2056,Book a Hotel,1/21/2019 12:00:00 AM,5000.0000,
6,pritha poddar,2056,Cancel Booking,1/21/2019 12:00:00 AM,2500.0000,
6,pritha poddar,2057,Book a Hotel,1/21/2019 12:00:00 AM,10000.0000,
6,pritha poddar,2058,Book a Hotel,1/21/2019 12:00:00 AM,7500.0000,
6,pritha poddar,2058,Cancel Booking,1/21/2019 12:00:00 AM,3750.0000,
6,pritha poddar,2059,Book a Hotel,1/21/2019 12:00:00 AM,27000.0000,
6,pritha poddar,2057,Cancel Booking,1/21/2019 12:00:00 AM,5000.0000,
6,pritha poddar,2059,Cancel Booking,1/21/2019 12:00:00 AM,13500.0000,

